{"Version":2,"SourceFileDate":132492021174525467,"Flags":["FL_BITMAP_COMPRESSION","FL_BITMAP_MIPMAP","FL_BITMAP_QUALITY_HIGH","FL_BITMAP_PRECOMPUTED_INV_AVG"],"InvAvgColor":[1.7313116788864136,1.9650969505310059,1.9650969505310059],"HasTransp":true}